{
	"credit": "Made with Blockbench",
	"ambientocclusion": false,
	"textures": {
		"particle": "block/flower_pot",
		"flowerpot": "block/flower_pot",
		"dirt": "block/dirt"
	},
	"elements": [
		{
			"from": [4, 0, 4],
			"to": [6, 6, 12],
			"faces": {
				"north": {"uv": [10, 10, 12, 16], "texture": "#flowerpot"},
				"east": {"uv": [4, 10, 12, 16], "texture": "#flowerpot"},
				"south": {"uv": [4, 10, 6, 16], "texture": "#flowerpot"},
				"west": {"uv": [4, 10, 12, 16], "texture": "#flowerpot"},
				"up": {"uv": [4, 4, 6, 12], "texture": "#flowerpot"},
				"down": {"uv": [4, 4, 6, 12], "texture": "#flowerpot", "cullface": "down"}
			}
		},
		{
			"from": [10, 0, 4],
			"to": [12, 6, 12],
			"faces": {
				"north": {"uv": [4, 10, 6, 16], "texture": "#flowerpot"},
				"east": {"uv": [4, 10, 12, 16], "texture": "#flowerpot"},
				"south": {"uv": [10, 10, 12, 16], "texture": "#flowerpot"},
				"west": {"uv": [4, 10, 12, 16], "texture": "#flowerpot"},
				"up": {"uv": [10, 4, 12, 12], "texture": "#flowerpot"},
				"down": {"uv": [10, 4, 12, 12], "texture": "#flowerpot", "cullface": "down"}
			}
		},
		{
			"from": [6, 0, 4],
			"to": [10, 6, 6],
			"faces": {
				"north": {"uv": [6, 10, 10, 16], "texture": "#flowerpot"},
				"south": {"uv": [6, 10, 10, 16], "texture": "#flowerpot"},
				"up": {"uv": [6, 4, 10, 6], "texture": "#flowerpot"},
				"down": {"uv": [6, 10, 10, 12], "texture": "#flowerpot", "cullface": "down"}
			}
		},
		{
			"from": [6, 0, 10],
			"to": [10, 6, 12],
			"faces": {
				"north": {"uv": [6, 10, 10, 16], "texture": "#flowerpot"},
				"south": {"uv": [6, 10, 10, 16], "texture": "#flowerpot"},
				"up": {"uv": [6, 10, 10, 12], "texture": "#flowerpot"},
				"down": {"uv": [6, 4, 10, 6], "texture": "#flowerpot", "cullface": "down"}
			}
		},
		{
			"from": [6, 0, 6],
			"to": [10, 4, 10],
			"faces": {
				"up": {"uv": [6, 6, 10, 10], "texture": "#dirt"},
				"down": {"uv": [6, 6, 10, 10], "texture": "#flowerpot", "cullface": "down"}
			}
		}
	]
}